id,first_name,last_name,email,product_id,qty,amount,description,address,city,state,country
KI4VYBWJYYLK,John Roy,Rebecca Stewart,xjefferson@yahoo.com,176,1,1782,Worker fall write.,69360 Pamela Plains Apt. 552,New Paulport,Colorado,Tunisia
5AMO3VNDXVWC,Robert Peters,Cheryl Garcia,eyang@gardner.com,109,6,4737,Small born friend manage.,990 Paul Locks,Shannonhaven,New York,Tuvalu
PAT9VQDG3OOK,Richard Evans,Renee Flores,wangjulie@hotmail.com,135,8,7372,Fish her expert source wonder.,13078 Cheryl Shore,Jenniferton,Indiana,Aruba
XTG5CCE0V6BZ,Anthony Bright,Mark Kennedy,mooreandrew@boyd-armstrong.info,166,5,1723,Friend produce theory base media concern.,2494 Taylor Manors,Harperside,Alabama,United States of America
0KMW1VD06VQB,John Villarreal,Paige Snyder,juarezbrian@martin-hudson.net,148,1,3508,Thing hair generation must play fear actually.,727 James Harbor Apt. 836,Port Williamfurt,North Carolina,Mauritania
HICCHGJDKFTQ,Jennifer Torres,Francisco Good,pmiddleton@mitchell.info,151,6,4595,War fact yes million low.,666 Andrea Gardens Apt. 579,Wrightland,Arizona,New Caledonia
DYTISH7EE6US,Eric Greene,Angela Hawkins,martinadam@hotmail.com,184,6,8302,Meeting best fear relate.,9749 Montoya Ferry Apt. 421,Julieside,Minnesota,South Africa
1SHLL2QEM1W3,Andre Wise,Thomas Brown,robertmartin@huber-galloway.com,188,8,3528,Room step Democrat really.,16403 Travis Way,West Melissahaven,Colorado,Taiwan
K38JIE34B2CI,Catherine Garcia,Lisa Butler,megan12@carroll.com,104,8,7808,Reality six even president ability fall Republican.,7798 Matthew Squares Suite 038,Kristineberg,Washington,Jamaica
UW4X815T22ES,Emily Buchanan,Mary Farley,torresmeredith@yahoo.com,187,7,6964,And factor degree.,2631 Whitehead Alley,West Manuel,Arizona,Peru
ROGB2F30TC77,Thomas Martin,Dale Washington,cody14@dougherty-mooney.info,141,7,7586,Already item break back space while last.,32845 Richards Lodge,Port Jamesland,Maryland,Samoa
QGGP2XQ06AI8,Jason Guzman,Robert Whitaker,brycefinley@watson-williams.com,100,4,1413,Suggest six especially.,74475 Tanya Glen,West Aliciaton,South Dakota,Kuwait
ZA1WBXDATLGE,Jean Evans,Mary Nichols,jeffrey00@hotmail.com,176,9,2992,She writer between little himself.,5362 Kyle Throughway Apt. 019,West Brenda,Oregon,Libyan Arab Jamahiriya
TOKWYJIBYE3D,Ruben Rogers,Gregory Fields,jennifer16@gmail.com,100,9,7106,Make throughout floor carry drug still turn.,5146 Roberts Harbor,West Donnastad,Pennsylvania,Canada
T27JYL5BW6JI,William Hill,Lisa Franco,justin12@gmail.com,170,1,5691,Another way skin notice same behavior seem whom.,7814 Rios Glens,Port Elizabethmouth,Mississippi,Jersey
S3OQGR3IRD6T,Jason Skinner,Beverly Johnson,geraldhernandez@grant.com,177,7,1660,Chance cold high company purpose environment.,134 Kimberly Radial,Carriemouth,West Virginia,Netherlands
BBDUXG7JSVGH,Kathleen Cherry,Olivia Crane,frank24@mckee.info,176,4,4402,Easy economic attack white point.,27625 Virginia Stravenue Suite 346,Amyland,Georgia,Saint Vincent and the Grenadines
5137SM4EPC5E,Nicholas Carroll,Miss Angela Patel,timothyrowe@yahoo.com,149,1,5739,Civil himself avoid event information.,0894 Davis Lock Suite 263,Hicksfort,Wisconsin,Georgia
BSC0HX0SFENK,Melanie Martin,Kayla Powell,nelsoncheryl@gmail.com,110,5,5754,Dark class system culture decade number home.,2019 Julie Gateway,East Stevenborough,Washington,Mayotte
WIWPTTV6JA3T,Timothy Stuart,Virginia Marshall,ernestolson@gmail.com,109,4,4615,Figure maintain economic thousand history center rich art.,7324 Patterson Ports Suite 963,Port Kevinstad,Vermont,Ghana
EPQZMS7D4DZK,Laura Preston,Lisa Booth,llambert@gmail.com,149,6,8810,Off same can unit country.,654 Michele Fields Apt. 930,East William,Indiana,Cayman Islands
2ZIIFIMYWI5Q,Crystal Brown,Christine Harris,aharper@hanson.com,166,1,8653,Daughter you from school what forget this.,99183 Deborah Gardens,Riddleville,California,Cuba
8RBOE644JT7N,John Sullivan,Dr. Gregory Perkins,smithshelly@hotmail.com,146,6,4761,Finish start explain check develop military.,44362 Amber Meadows Suite 155,Berryport,Alaska,Myanmar
HA95RZBJGXAQ,Dr. Brandon Miller MD,Jordan Moore,cflynn@nguyen-parker.com,163,9,6605,Leave whatever fact movie.,30209 David Union Suite 064,North Jessicaton,Nebraska,Indonesia
C4RLEJKSVBNX,Nicole Thompson,Michelle Wagner,knightangela@thornton.com,130,5,6048,Fill can thousand phone seek.,27277 Scott Bypass Apt. 312,Michaelton,Tennessee,Burkina Faso
ZPJ4Q9AEBKOM,Jared Chambers,Gregory Phillips,jasonmiller@miller.com,164,1,4542,Rule perhaps despite song several explain.,283 Jessica Plains,Victoriastad,Iowa,Paraguay
NRE50DM0LMT2,Zachary Aguilar,Mr. Michael Mitchell,jamesmoran@swanson.info,168,3,6032,Media floor bar minute base.,0298 Christensen Springs Suite 032,Larryberg,Louisiana,Bosnia and Herzegovina
M88TB1JVF5I7,Ronald Wiggins,Ross Bowen,lwilliams@yahoo.com,190,1,5510,Officer race order both traditional.,383 Stephanie Stravenue Suite 027,Port Lisa,Florida,Nigeria
FCXAQ9NX5NBP,Sierra Larson MD,Desiree Lopez,jenniferlambert@yahoo.com,145,9,4861,Hot free project animal parent.,96731 Pamela Forest Suite 678,Lake Larryfurt,Colorado,Denmark
641H9Y7IVH1A,Stephen Taylor,Jacob Nichols,paigeperez@thomas.com,146,7,7337,Exist management difference we board public bit.,006 Smith Turnpike Suite 723,West Jamie,South Carolina,Palestinian Territory
X3GV04YOVWYI,Chloe Hale,Robert Graves,fpowell@hotmail.com,152,8,4793,Of writer will clear charge daughter pass grow.,983 Jeffrey Forks Suite 604,Alexandrastad,Illinois,Jamaica
JG08393Y840T,Ryan Holmes,Jesse Smith,michaelroman@yahoo.com,193,7,6677,Huge brother north action.,8711 David Mews,East Brittany,Maryland,United Arab Emirates
AT6S9NFJJK9G,Christopher Murphy,Michael Alvarez,robin53@lewis.info,199,5,8993,Task woman remember way chair.,67483 John Ford,Danielview,Rhode Island,Colombia
65EL7QGOKEHU,Dennis Mendoza,Michael Knapp,robert26@harper-gonzalez.com,151,2,8943,Better hear involve area site close reduce respond.,541 Lori Plain,Stephanieland,Texas,Oman
8U52FAW91Q2U,Robert Stephens,Victoria Davis,gomezlisa@hotmail.com,135,5,3629,Speech budget hotel player feel daughter whole.,622 Mcdonald Club,New Jonathan,Kansas,Svalbard & Jan Mayen Islands
C2Z4IQ1U8TU3,Janet Bryant,Christopher Ellis,mathisnicholas@richards-watson.com,102,6,6199,Less return seat skin article produce seem very.,2668 Ramirez Courts,Paulshire,Colorado,Tuvalu
N935JTZQXFUD,Jason Henry,Melissa Jones,thomastodd@underwood.com,161,5,6803,Mention safe article key ten operation local.,19790 Anderson Ferry Apt. 632,Parkerport,New Hampshire,Congo
YNZBRSKZZMNZ,Bryce Roberts,John Mcneil,christinekennedy@gmail.com,164,3,8280,Check table line chance brother heart.,55669 Brennan Burgs Suite 005,Port Kristin,Louisiana,Czech Republic
GRMZJ4DB6FQH,Anthony Turner,Jared Edwards,fjohnson@castillo-nelson.info,196,3,3107,Camera newspaper what management.,562 Jacob Trail Apt. 478,South Taraport,North Dakota,South Africa
N9VUEUURHBZQ,Robert Rogers,Danielle Holt,christopherlam@sullivan-tanner.biz,118,4,7772,Wall speech have maybe evidence too.,226 Taylor Station Suite 323,Kimberlyside,Montana,Yemen
RB62E1OKQVYM,Richard Glover,Michelle Edwards,matthew25@vance.biz,131,7,8342,Society compare worker pattern ask itself late.,259 Jacob Stravenue Apt. 440,Zacharyton,Texas,Pitcairn Islands
HIXME7IGM8NX,Karen Brown,Erika Mcclain,njimenez@gmail.com,199,3,8590,Level tell marriage wall mission.,232 Mercer Crossroad Apt. 426,West Williammouth,Washington,Gibraltar
H4EBA2QTZJZB,Thomas Nunez,Joseph Levy,dustinhopkins@donovan.com,113,9,3512,Party fish senior social prepare company central.,246 Terry Valleys,Darrenstad,Mississippi,Suriname
GWQ23BAX5QPY,Paula Strickland,Kayla Coleman,rcampos@yahoo.com,196,6,5948,Avoid protect point none performance draw cup.,561 Sanders Crossroad,Bakershire,West Virginia,Cocos (Keeling) Islands
NJYIWBS035OW,Lisa Little,Nathan Calderon,elizabeth31@yahoo.com,115,3,6439,Include view word media if by station.,9275 Andrew Wall,North Jodi,South Dakota,Cote d'Ivoire
JYUCN1T4PYPH,Elizabeth Padilla,Kelsey Lopez,wford@hotmail.com,156,3,3637,Maybe few third address school computer.,061 Berry Throughway,Taylorhaven,Wyoming,Uzbekistan
KUT66DNIPR8F,Daniel Martinez,Robert Huang,ruthbell@jones.com,118,4,2835,Marriage main I whatever second that country.,65823 Smith Pike Suite 322,Ashleyport,Arizona,Slovenia
2T5MQYQ7ERZG,Tanya Cohen,Jamie Schaefer,perryrobert@gmail.com,160,8,6746,Place executive protect family if new news rest.,70294 Steven Ville Apt. 147,Carpenterbury,Illinois,Bouvet Island (Bouvetoya)
YRGSBX6JZ38P,Christopher Park,Nicolas Hunt,john88@hotmail.com,131,7,3770,Republican pretty pattern political.,033 Rodney Passage,Kelseymouth,Ohio,Netherlands Antilles
TYSYDAD04WOI,Christopher Fernandez,James Harris,stricklandjennifer@hotmail.com,103,1,7278,Miss central law garden political.,523 Craig Fort Apt. 657,South Patriciahaven,New York,French Guiana
7WY4SYSP4N5K,Tonya Stuart,Tyler Hampton,jason05@clarke.org,182,6,7565,Family feeling station positive role.,91282 Jacqueline Ramp,Johnside,Nebraska,Panama
VMXGG2FRDOMW,Theresa Dodson,Derek Williams,marie40@allison.com,189,8,7103,Arrive several hundred crime than.,87399 Erik Center Suite 077,Reedport,New Jersey,Norway
UBZ5QXM9CNY8,Dr. Erica Phillips,Michael Gonzalez,jacobanderson@yahoo.com,191,4,5848,Recently large approach meet far impact political.,6194 Christopher Green,West Brooke,Arkansas,Djibouti
6H8G56C39M99,John Watson,William Lara,sheltonjulia@davis.org,167,1,7119,Allow end tough trade since do.,37144 Melissa Isle,East Brianna,New Hampshire,Serbia
QJ743P2M2UYY,Daniel Estes,Kim Myers,kevinlozano@chase-huffman.info,122,2,5569,Home ball particularly want.,9462 Jennifer Falls Apt. 821,Oliviaside,Wisconsin,United States Minor Outlying Islands
P0TPV02MKMYM,Karen Montgomery,Timothy Young,rosemckinney@glover.org,105,8,6382,Final back case eat.,45713 Nicholas Views Suite 631,Raymondtown,Maryland,Cook Islands
XF0ZX1FU3OD9,Rebecca Santiago,Christopher Williams,stephensmarcus@barker-figueroa.com,110,1,7890,Culture hundred despite.,086 Matthew Pines Apt. 361,Angelashire,Mississippi,Chile
F8SBXUA37J65,Rachael Simon,Carla Mcgrath,kristin48@alvarez.com,128,2,2416,Authority itself admit best line.,636 Boyer Islands Suite 944,Rodriguezland,Michigan,Wallis and Futuna
Q2ID1A68NN07,Matthew Wilson,Katie Phillips,mariaolson@thomas.com,161,7,6841,After fear song job why message entire.,189 Villarreal Brooks,North Carl,Washington,Palestinian Territory
UHMYCXMUVCRJ,Wendy Byrd,Jonathan Bailey,mathisjames@byrd-mitchell.net,143,9,7140,Suddenly successful question.,01431 Matthews Mountains Apt. 647,Gregoryland,Nebraska,Puerto Rico
520HJP26V88I,Gwendolyn Miller,Brenda Ferguson,gsmith@walker.com,101,2,7220,Realize contain worry list various.,767 Tucker Path,East Samanthashire,West Virginia,Chad
TC7KK0YAQQ7A,Daniel Flores,Anna Stewart,imarsh@taylor.info,125,6,5015,Half five so natural international bed policy moment.,78338 Brewer Radial Apt. 404,Olsenton,Kansas,Panama
D24NDL0AXATZ,Nicole Guerrero,Gabriela Wilson,donaldmartin@gmail.com,120,6,3441,Or move modern morning owner during.,350 Castro Pines,Ashleyton,South Dakota,Swaziland
6JRL82TQENW6,Theresa Goodman,Erik Harmon,jmiranda@wallace-parks.com,163,1,3535,Sport easy full story concern color eat.,3315 Ramos Inlet Suite 798,West Christinafurt,Wyoming,Saint Vincent and the Grenadines
2JMG48WM5EMQ,Kathy Larson,Mario Fowler,robert80@lloyd-gallegos.com,172,4,6751,Attack management never now behavior him support.,786 Alexander Prairie,South Jonathon,Hawaii,Romania
DWFOCXQBH9FF,Allen Mercado,Tammy Greer,fholloway@parrish.org,166,8,4650,Try from sea one page.,815 Merritt Inlet Suite 019,Lake Charlotte,Ohio,Saint Barthelemy
ZPXM8ZA1OZ1O,Rachael Boyer,Robert Morrison,kimberlyharris@johnson.com,164,4,6020,Space less box piece certainly century.,1886 Tyler Pine Apt. 349,New Rebecca,New Jersey,Ecuador
C8U1XON2XT0J,Alison Brock,Shelby Gomez,acollins@yahoo.com,124,3,2271,Responsibility new benefit especially direction different police pretty.,27156 Smith Cove,West Debbie,Ohio,Malaysia
3VSAURF79J74,Kevin Maxwell,Monica Cortez,courtneyingram@yahoo.com,169,3,4824,Low score industry law important.,921 Bradford Roads Suite 624,North Josemouth,Virginia,Aruba
P5QVN9XH5KCQ,Jennifer Mcclure,Emily Turner,jennifergriffin@gmail.com,108,7,6271,Street form account tree red it more common.,372 Anderson Green Suite 155,Parkmouth,South Carolina,Syrian Arab Republic
GS4Z8Y0LHYHV,Morgan Lewis,Elizabeth Howard,larry53@li.com,148,9,6881,Analysis information more take quite wall picture.,557 Ayala Crest,South Zacharyfurt,Oregon,Burundi
DAGDVAK4V244,Tracey Mayer,Kendra Parker,austincollins@trujillo.com,140,7,2949,Ball theory media hair few still.,91597 Ortiz Island,Stevenmouth,New Mexico,Azerbaijan
NGF98MTJLOPW,Randy Richards,Alexis Olson,kathy62@yahoo.com,192,1,3983,Fact send resource concern pass service.,488 Brittany Estate Suite 005,East Kimberlyside,Massachusetts,Austria
FFUG62U9MYGH,Karen Winters,Anna Castillo,david45@robinson.org,182,8,4698,Young stop probably just easy.,181 Hogan Hills Suite 350,Snyderville,Maine,Heard Island and McDonald Islands
S4Z97BUWYU81,Jason Ortiz,Derek Hurley,jmoore@jones.com,133,3,3800,Fill daughter apply.,8210 Andrade Canyon,West Christopherbury,Colorado,British Virgin Islands
ZW132OU9GI57,Matthew Davis,Mr. Shawn Morris,tracyponce@wilson.com,169,7,7937,Test must court next million seem heavy.,39656 Wang Ridges,Kimberlyville,Indiana,Portugal
BMZRWYQCGPYR,Brandon Franklin,Sheri Parker MD,nicholasmontgomery@gmail.com,183,4,6216,Might politics environment century.,080 Baxter Center,Mollyberg,Minnesota,Djibouti
N0KQVA0A5L28,Kenneth Schmidt,Courtney Bennett,gregmorgan@randolph.com,195,2,5368,Model happy move.,623 Santos Gardens,Riggshaven,Arizona,Chad
PPLV4XYOE7WS,Todd Wyatt,Collin James,jonathanmclaughlin@gmail.com,154,7,6904,Network wind operation.,7769 Watkins Lakes,Melissaview,Nebraska,Thailand
GJVVDPTYHNLM,Patricia Wilson,Brian Kelley,meredithanderson@decker-scott.com,182,9,1903,Month leader study million especially.,13442 Kimberly Manors Apt. 676,New Sherri,Illinois,Finland
R8ON89I527LP,Jeremiah White,Diana Tucker,wwashington@perry.org,159,1,8591,Sea blue suffer relate mouth.,93029 Garcia Walks Suite 965,Lake Jack,Maine,Somalia
YASQ8EH5GXJQ,Michael Daniels,Hailey Howard,mendezkaitlin@flowers.biz,162,3,6589,Wish difference section game game face.,759 Jennifer Meadows,Christystad,Colorado,Liechtenstein
W1BK4LGBHISP,Stephanie Richardson,Allison Dillon,kristincampbell@yahoo.com,102,1,7751,Financial together expect partner.,53811 Danielle River Suite 061,Perezton,Idaho,China
RWC3FJTDP74T,Tabitha Carroll,Zachary Peterson,aphillips@hotmail.com,145,6,3433,Keep subject whole month reason task.,75714 Donald Ridges,Lisaton,Iowa,Cape Verde
UBVITVWMF5K4,Kayla Harrison,Robert Sanders,davenportsean@yahoo.com,161,8,7536,Close crime treat alone.,02940 Rasmussen Lakes Suite 958,New Christineburgh,Arizona,Kyrgyz Republic
Z7IFMMU5D2VB,Megan Travis,Christopher Davies,johngarrett@yahoo.com,146,4,6295,Age five plant.,80398 Joshua Islands Suite 824,New William,Wyoming,Palau
SA3DAQ45Y9ZM,Carlos Clark,Kristina Colon,wangchristopher@hotmail.com,120,9,5922,Forward project computer.,752 Mcmahon Fall Apt. 514,Grossshire,Tennessee,Austria
UN1C123VQZ34,Michael Davidson,Donna Potter,zoneal@hotmail.com,154,9,5319,Memory may improve.,0145 Cohen Course Suite 482,Tiffanytown,Delaware,Barbados
GZPU6X4XKS2P,Ann Beltran,Michael King,erica63@matthews.com,147,6,6868,Successful education letter wear hope.,479 Kara Ridges Suite 313,Mccartyland,Maine,Sri Lanka
WFNCKGHEKAKH,Victoria Colon,Steven Thornton,tthompson@lee-greene.com,135,3,8843,Order president south condition brother.,0446 Victoria Club,West Jameschester,Georgia,Vietnam
007PE7KWWHAJ,Blake Patrick,Gloria Boyd,brandon59@tran-grant.com,156,7,8278,Hotel step up ability PM happen serve person.,543 Steven Bridge,East Stevenburgh,Colorado,Malawi
VNR3WPUKFW1E,Mr. Gregory Rivera,Jonathan Johnson,alvarezheather@hotmail.com,116,8,3052,Customer service improve itself watch student local.,36481 James Spurs,Baileyport,Washington,Benin
4RF9GDDVTU6E,Lindsey James,Dr. Miguel Miles,karen86@yahoo.com,140,5,2754,Respond media trouble reveal bill firm.,050 Joseph Shoals Suite 602,Grantborough,Pennsylvania,Bermuda
4A3IPULR78N1,Eric Montgomery,Katelyn Thompson,ian02@gmail.com,125,5,4625,Leave husband around pretty affect him body.,70271 Hannah Oval,West Jason,Maine,Zambia
MPT2Q894Z17T,Matthew Hernandez,Katie Lewis,melissa80@hotmail.com,130,2,6449,My Democrat medical computer daughter.,05610 Karen Loaf,Danielleborough,Connecticut,Guyana
VB0VRHMTHSSI,Raymond Patterson,Carol Smith,louis56@hotmail.com,147,5,6773,Chair discover attention guy.,72012 Solis Island Apt. 239,Acevedoton,Montana,Bulgaria
CG3FEHTCV6MR,Jennifer Stevenson,Stacy Aguirre,lori42@gmail.com,165,4,2430,More protect this human thought.,452 David Dam Suite 170,Stevensstad,New Hampshire,Libyan Arab Jamahiriya
TZHQGUKJK3K7,Joan Torres,James Vargas,irobinson@cooke-steele.info,164,8,2178,Big stay other way.,52899 Elizabeth Parks,Port Priscillahaven,Kansas,Saint Pierre and Miquelon
Y1IM0663DDHI,Sarah Brennan,Mitchell Romero,gsmith@yahoo.com,183,3,1946,Garden skill body budget enter miss generation.,3553 Lopez Highway,Jonesside,Alabama,Azerbaijan
RET9LTKH1DYC,Jeffrey Miller,Matthew Pearson,adelgado@yahoo.com,191,1,3352,Them decade financial perhaps our.,71195 Kristen Crossroad,Cynthiashire,New Jersey,Western Sahara
